id,first_name,last_name,email,gender,ip_address
1,Emma,Gethyn,egethyn0@yellowbook.com,Female,223.107.186.152
2,Kaye,Dallimare,kdallimare1@mlb.com,Female,223.206.173.29
3,Valentin,Friskey,vfriskey2@webs.com,Male,94.195.101.178
4,Lesya,Dowrey,ldowrey3@live.com,Female,141.221.185.229
5,Dewain,Clausius,dclausius4@chron.com,Male,145.183.4.138
6,Nolie,Bartoletti,nbartoletti5@biblegateway.com,Female,7.238.161.221
7,Gayler,O' Ronan,goronan6@edublogs.org,Male,66.148.215.67
8,Nance,Campe,ncampe7@wordpress.org,Female,85.67.14.28
9,Sibyl,Liccardi,sliccardi8@lulu.com,Male,23.65.127.252
10,Tildy,McGiff,tmcgiff9@hatena.ne.jp,Female,178.46.72.229
11,Karylin,McEvoy,kmcevoya@indiatimes.com,Female,40.81.232.9
12,Ursala,Heindle,uheindleb@umn.edu,Female,179.82.136.211
13,Paco,Burtwhistle,pburtwhistlec@infoseek.co.jp,Bigender,225.69.52.17
14,Mendy,Skates,mskatesd@w3.org,Male,140.250.74.80
15,Etta,Henri,ehenrie@webmd.com,Female,106.243.168.156
16,Fey,Ducroe,fducroef@deliciousdays.com,Female,230.249.228.188
17,Emmery,Soigne,esoigneg@hatena.ne.jp,Male,89.77.44.230
18,Cristy,Borton,cbortonh@oracle.com,Female,76.39.118.36
19,Cosette,Gonneau,cgonneaui@nsw.gov.au,Female,219.252.103.138
20,Salim,Connow,sconnowj@amazon.com,Male,98.87.217.243
21,Rawley,Tankin,rtankink@msu.edu,Male,102.238.166.94
22,Kimmi,Boulder,kboulderl@alibaba.com,Female,157.17.245.242
23,Lissi,McNeillie,lmcneilliem@mapquest.com,Female,203.242.199.190
24,Arin,Bevar,abevarn@surveymonkey.com,Male,220.143.170.27
25,Mireille,Vain,mvaino@oaic.gov.au,Genderqueer,48.59.205.39
26,Tracey,Saffran,tsaffranp@squidoo.com,Female,137.185.70.2
27,Lonna,McGuckin,lmcguckinq@g.co,Female,154.64.27.195
28,Jamill,Conroy,jconroyr@globo.com,Male,26.47.224.229
29,Natalina,Kall,nkalls@sun.com,Female,145.142.242.30
30,Terrel,State,tstatet@weibo.com,Male,187.217.96.21
31,Maritsa,Whitter,mwhitteru@reddit.com,Female,75.13.202.139
32,Matty,Ramet,mrametv@homestead.com,Female,141.114.184.136
33,Reed,Dingivan,rdingivanw@dagondesign.com,Male,28.200.102.69
34,Collen,Shreeve,cshreevex@reddit.com,Female,125.151.66.84
35,Freeland,Lankham,flankhamy@cyberchimps.com,Male,235.19.197.100
36,Honor,McBean,hmcbeanz@liveinternet.ru,Female,115.56.173.13
37,Myrna,Eckersley,meckersley10@twitpic.com,Female,31.38.86.207
38,Siffre,Peppett,speppett11@xrea.com,Bigender,31.42.193.33
39,Hurley,Dahmke,hdahmke12@flavors.me,Male,1.195.162.98
40,Rhetta,Pammenter,rpammenter13@ifeng.com,Female,170.73.225.78
41,Alvina,Greenan,agreenan14@qq.com,Female,251.230.25.240
42,Jeddy,Thain,jthain15@columbia.edu,Male,203.155.147.137
43,Basile,Icom,bicom16@instagram.com,Male,58.203.61.87
44,Myrvyn,Cripwell,mcripwell17@adobe.com,Male,163.95.22.232
45,Torey,Jakoubek,tjakoubek18@ucsd.edu,Agender,162.236.14.141
46,Damiano,Gascar,dgascar19@hp.com,Male,99.206.12.190
47,Aimee,McNevin,amcnevin1a@stumbleupon.com,Female,190.46.195.38
48,Kerri,Humblestone,khumblestone1b@vk.com,Polygender,220.183.1.134
49,Beth,Lesslie,blesslie1c@sitemeter.com,Genderfluid,119.40.46.46
50,Waiter,Schruurs,wschruurs1d@earthlink.net,Male,157.2.12.100
51,Rennie,Royden,rroyden1e@de.vu,Female,187.2.146.5
52,Nickey,Seed,nseed1f@netvibes.com,Male,102.13.250.197
53,Annabela,Hawkswood,ahawkswood1g@google.cn,Female,205.44.41.194
54,Phyllys,Emberton,pemberton1h@reverbnation.com,Female,85.151.209.134
55,Anstice,Twinbourne,atwinbourne1i@ocn.ne.jp,Female,59.41.210.46
56,Barry,Geldart,bgeldart1j@engadget.com,Male,100.161.100.66
57,Scott,Trebble,strebble1k@yellowpages.com,Male,186.34.40.81
58,Karee,Chat,kchat1l@smh.com.au,Female,150.193.124.166
59,Fayina,Kirsopp,fkirsopp1m@trellian.com,Female,200.29.146.98
60,Sherry,Tudor,studor1n@lycos.com,Female,182.160.89.117
61,Grange,Calleja,gcalleja1o@slashdot.org,Genderqueer,157.0.222.17
62,Kelley,Antoney,kantoney1p@free.fr,Male,41.55.23.112
63,Tammy,Duckering,tduckering1q@hud.gov,Polygender,112.21.82.166
64,Catharine,Cochern,ccochern1r@parallels.com,Female,25.77.75.241
65,Eudora,Wake,ewake1s@icq.com,Female,153.167.130.14
66,Alina,Saller,asaller1t@ehow.com,Female,120.252.1.95
67,Lion,MacGeaney,lmacgeaney1u@businesswire.com,Male,212.16.23.13
68,Jacquie,Presdee,jpresdee1v@columbia.edu,Female,167.29.23.7
69,Estell,Carbett,ecarbett1w@goo.gl,Female,158.29.164.183
70,Winn,Lorenzetti,wlorenzetti1x@elpais.com,Male,132.123.14.9
71,Raine,Standbrook,rstandbrook1y@npr.org,Female,111.219.0.98
72,Alyse,Shevels,ashevels1z@theatlantic.com,Female,224.80.248.251
73,Cletis,Devall,cdevall20@ustream.tv,Male,153.115.210.199
74,Yalonda,Tash,ytash21@sfgate.com,Female,15.32.63.20
75,Conney,Dillingstone,cdillingstone22@usda.gov,Male,140.159.112.73
76,Christel,Marikhin,cmarikhin23@usnews.com,Female,210.80.26.43
77,Hillier,Costell,hcostell24@va.gov,Male,62.251.226.6
78,Ruthi,Portwain,rportwain25@prweb.com,Female,29.136.139.70
79,Roddie,Sterrick,rsterrick26@scientificamerican.com,Male,127.209.22.160
80,Cassondra,Foreman,cforeman27@mail.ru,Female,236.42.193.37
81,Gerhardt,Truman,gtruman28@geocities.jp,Male,121.243.147.62
82,Joni,Gerkens,jgerkens29@tiny.cc,Female,110.226.27.80
83,Mariquilla,Matanin,mmatanin2a@csmonitor.com,Female,184.143.124.0
84,Vitia,Yegorev,vyegorev2b@mysql.com,Female,43.104.159.86
85,Gabe,Thackston,gthackston2c@bandcamp.com,Male,100.73.122.97
86,Rosalinda,Henighan,rhenighan2d@ebay.com,Female,19.123.179.208
87,Ellene,Vannuchi,evannuchi2e@bloglines.com,Bigender,241.34.206.124
88,Nero,Rubi,nrubi2f@unc.edu,Male,147.12.0.112
89,Zolly,Easeman,zeaseman2g@mapquest.com,Polygender,203.185.220.7
90,Corie,McCoughan,cmccoughan2h@tumblr.com,Female,243.44.170.153
91,Bonnee,Lubman,blubman2i@admin.ch,Female,176.2.178.3
92,Wendye,Nyssens,wnyssens2j@unesco.org,Female,175.48.157.102
93,Lamond,Mitcheson,lmitcheson2k@archive.org,Male,217.104.61.46
94,Urbano,Klimczak,uklimczak2l@prnewswire.com,Male,7.194.237.64
95,Maria,Darrell,mdarrell2m@is.gd,Female,158.55.122.8
96,Kellie,Skipworth,kskipworth2n@purevolume.com,Female,172.54.159.91
97,Gerri,Kinforth,gkinforth2o@biblegateway.com,Female,173.173.143.129
98,Trip,Ayton,tayton2p@topsy.com,Male,1.202.42.16
99,Rora,Liddard,rliddard2q@canalblog.com,Female,83.204.85.159
100,Lambert,Bampkin,lbampkin2r@timesonline.co.uk,Male,216.5.213.196
101,Charisse,Skeen,cskeen2s@alexa.com,Female,115.106.251.253
102,Brenna,Leivesley,bleivesley2t@theguardian.com,Female,136.27.15.55
103,Kissiah,Pulteneye,kpulteneye2u@hugedomains.com,Female,32.250.183.51
104,Blakelee,McKeag,bmckeag2v@hhs.gov,Female,186.71.43.30
105,Sampson,Malimoe,smalimoe2w@google.co.jp,Male,156.187.255.232
106,Ozzie,Clavering,oclavering2x@edublogs.org,Male,48.192.195.169
107,Farlie,Pawels,fpawels2y@ed.gov,Male,33.90.60.180
108,Carmela,Pilipets,cpilipets2z@irs.gov,Female,75.119.50.187
109,Saxon,Aplin,saplin30@admin.ch,Male,5.115.85.162
110,Marlane,Louisot,mlouisot31@4shared.com,Female,219.236.144.201
111,Terrence,Citrine,tcitrine32@t.co,Male,160.172.224.124
112,Wallache,Simoneau,wsimoneau33@amazon.co.jp,Male,187.101.187.119
113,Kelvin,Swenson,kswenson34@usnews.com,Male,244.170.151.201
114,Oralle,Martinez,omartinez35@who.int,Female,30.55.8.0
115,Aldridge,Puckey,apuckey36@t-online.de,Male,167.181.76.156
116,Denise,Sollon,dsollon37@chronoengine.com,Bigender,2.134.227.157
117,Georg,Maplestone,gmaplestone38@indiatimes.com,Male,14.147.239.84
118,Lalo,Toon,ltoon39@whitehouse.gov,Male,176.107.43.50
119,Melva,Tschirschky,mtschirschky3a@imdb.com,Female,66.222.103.43
120,Ronnie,Asker,rasker3b@disqus.com,Male,248.158.215.139
121,Annamarie,Massen,amassen3c@diigo.com,Female,33.72.89.123
122,Brooke,Theobald,btheobald3d@edublogs.org,Male,68.124.134.154
123,Lesley,Tran,ltran3e@umich.edu,Male,122.104.169.186
124,Clyve,Doorbar,cdoorbar3f@drupal.org,Male,54.57.68.178
125,Audrey,Grigoriev,agrigoriev3g@springer.com,Female,65.89.19.197
126,Asa,Wormstone,awormstone3h@europa.eu,Male,104.59.183.83
127,Erastus,Lynch,elynch3i@wp.com,Male,73.156.130.44
128,Davin,Crickmoor,dcrickmoor3j@arizona.edu,Polygender,114.209.99.101
129,Storm,Harvie,sharvie3k@bravesites.com,Agender,151.62.106.31
130,Tania,Jellis,tjellis3l@uol.com.br,Female,158.2.209.111
131,Mercy,Wick,mwick3m@microsoft.com,Female,233.136.81.51
132,Vasilis,Quiddington,vquiddington3n@macromedia.com,Male,61.98.117.238
133,Ailbert,Shelbourne,ashelbourne3o@webnode.com,Male,15.18.134.79
134,Sella,Witherington,switherington3p@mozilla.com,Female,233.14.155.90
135,Filbert,McGlade,fmcglade3q@mysql.com,Male,109.205.188.6
136,Farlie,Newiss,fnewiss3r@sbwire.com,Male,114.79.132.195
137,Lissi,Alam,lalam3s@1688.com,Female,16.155.70.106
138,Andres,Jenkins,ajenkins3t@miibeian.gov.cn,Male,148.1.235.30
139,Flory,Bennell,fbennell3u@spotify.com,Female,188.214.76.42
140,Christoffer,Bradane,cbradane3v@washington.edu,Male,159.219.54.24
141,Veronica,Boundey,vboundey3w@github.com,Female,188.126.67.133
142,Camey,Pulham,cpulham3x@tuttocitta.it,Male,9.209.141.63
143,Carma,Allred,callred3y@devhub.com,Female,103.134.79.179
144,Fay,Mathys,fmathys3z@bloglovin.com,Polygender,60.214.29.15
145,Rodge,Toll,rtoll40@people.com.cn,Male,75.51.93.92
146,Ricki,Cloke,rcloke41@dot.gov,Male,57.108.101.145
147,Arnoldo,Ivatt,aivatt42@edublogs.org,Male,182.40.212.239
148,Corny,Petchey,cpetchey43@boston.com,Genderqueer,245.133.27.19
149,Brien,Awty,bawty44@edublogs.org,Male,191.1.252.62
150,Katheryn,Kolin,kkolin45@sbwire.com,Female,20.39.69.46
151,Darcy,Dayes,ddayes46@discuz.net,Genderqueer,222.212.212.177
152,Darius,Jurisch,djurisch47@fda.gov,Male,161.118.43.240
153,Charmion,Weale,cweale48@cyberchimps.com,Agender,114.211.145.14
154,Sisely,Westley,swestley49@dell.com,Female,134.10.59.52
155,Tedd,Hearon,thearon4a@infoseek.co.jp,Bigender,136.185.137.11
156,Reba,Haslen,rhaslen4b@deliciousdays.com,Female,206.171.1.18
157,Wood,Kelberman,wkelberman4c@state.gov,Genderqueer,46.95.179.73
158,Linda,Webburn,lwebburn4d@npr.org,Female,175.179.42.68
159,Guillema,Chant,gchant4e@nih.gov,Female,83.124.247.80
160,Ludvig,Ianelli,lianelli4f@wufoo.com,Male,222.188.239.41
161,Tiffanie,Poundsford,tpoundsford4g@soup.io,Female,253.187.38.207
162,Reube,Filchagin,rfilchagin4h@statcounter.com,Male,151.202.65.218
163,Jamill,Niche,jniche4i@sphinn.com,Male,111.208.118.105
164,Lu,Purtell,lpurtell4j@multiply.com,Female,229.61.132.179
165,Jory,Priden,jpriden4k@wikia.com,Male,55.95.181.92
166,Kahlil,Vargas,kvargas4l@hhs.gov,Male,64.205.102.130
167,Jeniece,Middleditch,jmiddleditch4m@pcworld.com,Female,237.121.219.37
168,Muriel,Derrington,mderrington4n@shareasale.com,Female,88.22.193.240
169,Josh,Dutnell,jdutnell4o@1688.com,Male,162.21.23.205
170,Eddie,Foukx,efoukx4p@yellowbook.com,Male,103.63.253.69
171,Verine,Olsson,volsson4q@craigslist.org,Female,199.157.25.219
172,Godiva,Meachen,gmeachen4r@php.net,Female,133.123.28.208
173,Walther,Ibanez,wibanez4s@adobe.com,Male,174.89.7.119
174,Lynnette,Cleatherow,lcleatherow4t@cam.ac.uk,Female,102.223.187.99
175,Rod,McBratney,rmcbratney4u@sakura.ne.jp,Male,179.206.17.6
176,Umeko,Wolfers,uwolfers4v@epa.gov,Genderfluid,150.60.199.164
177,Joya,Root,jroot4w@shutterfly.com,Female,221.45.170.18
178,Frank,Barradell,fbarradell4x@weather.com,Female,137.39.183.73
179,Alexine,Stopper,astopper4y@xrea.com,Female,126.170.226.222
180,Gan,Mulbry,gmulbry4z@hubpages.com,Male,43.46.216.252
181,Gianna,Mossbee,gmossbee50@i2i.jp,Female,147.181.104.183
182,Sheilakathryn,Giovannoni,sgiovannoni51@vk.com,Female,193.132.230.28
183,Hale,Puckham,hpuckham52@howstuffworks.com,Male,234.154.126.190
184,Lothaire,Tall,ltall53@facebook.com,Male,88.251.8.13
185,Sam,Glossop,sglossop54@lulu.com,Female,92.43.194.21
186,Nonie,Kender,nkender55@etsy.com,Female,139.36.195.132
187,Darell,Brundrett,dbrundrett56@comsenz.com,Female,37.174.181.101
188,Janeczka,Ruoss,jruoss57@va.gov,Female,32.197.238.216
189,Thea,Falshaw,tfalshaw58@slate.com,Female,40.136.192.27
190,Selma,Dubs,sdubs59@yahoo.com,Female,87.253.212.173
191,Carny,Heale,cheale5a@g.co,Male,9.126.94.13
192,Katusha,Aitkin,kaitkin5b@merriam-webster.com,Female,212.147.57.66
193,Padgett,Loeber,ploeber5c@upenn.edu,Male,32.110.202.178
194,Chen,Leavesley,cleavesley5d@squidoo.com,Male,164.176.217.111
195,Mitchell,Learned,mlearned5e@amazon.co.uk,Male,61.48.179.178
196,Albert,Ferrandez,aferrandez5f@miibeian.gov.cn,Male,94.2.117.217
197,Carlin,Burdus,cburdus5g@noaa.gov,Female,57.195.120.157
198,Rozamond,Kener,rkener5h@icq.com,Female,247.172.128.215
199,Gare,Heasly,gheasly5i@abc.net.au,Male,151.51.131.14
200,Doy,Infante,dinfante5j@google.de,Male,190.106.94.223
201,Felita,Maxwell,fmaxwell5k@addtoany.com,Genderqueer,230.162.241.80
202,Pepita,Stephenson,pstephenson5l@weebly.com,Female,9.68.125.11
203,Lyle,Devinn,ldevinn5m@list-manage.com,Male,26.255.1.58
204,Averil,Brando,abrando5n@latimes.com,Male,23.48.226.59
205,Ethelda,Feaveer,efeaveer5o@gizmodo.com,Polygender,220.7.205.24
206,Yehudi,Culvey,yculvey5p@sina.com.cn,Genderqueer,142.194.254.149
207,Cirilo,Benninck,cbenninck5q@xrea.com,Agender,77.57.68.219
208,Tadeas,Glusby,tglusby5r@tuttocitta.it,Male,182.38.91.104
209,Giselle,Frizzell,gfrizzell5s@wiley.com,Female,173.7.171.225
210,Adoree,Kaine,akaine5t@facebook.com,Female,48.58.232.5
211,Sloan,Attack,sattack5u@blogs.com,Male,232.100.249.71
212,Mady,Austick,maustick5v@nba.com,Female,200.250.72.75
213,Sara,Akester,sakester5w@businessweek.com,Agender,250.78.210.110
214,Nadean,Coultard,ncoultard5x@discovery.com,Agender,3.80.250.100
215,Ardith,Sizland,asizland5y@freewebs.com,Polygender,171.244.145.56
216,Leslie,Broadway,lbroadway5z@alexa.com,Male,232.143.101.171
217,Dulsea,Presnall,dpresnall60@slideshare.net,Non-binary,122.202.152.112
218,Olly,Konmann,okonmann61@walmart.com,Male,34.122.245.255
219,Sibbie,Husset,shusset62@addthis.com,Female,61.246.117.107
220,Maegan,Bebbington,mbebbington63@microsoft.com,Female,189.130.30.227
221,Faulkner,Lewsey,flewsey64@phoca.cz,Male,242.46.20.198
222,Dicky,Croson,dcroson65@sciencedirect.com,Male,210.171.169.72
223,Layney,Bouchard,lbouchard66@prweb.com,Female,85.212.255.149
224,Jennie,Matonin,jmatonin67@census.gov,Female,133.147.250.229
225,Gwenora,Gricewood,ggricewood68@seattletimes.com,Female,19.179.6.192
226,Forbes,Cussins,fcussins69@howstuffworks.com,Male,124.166.87.255
227,Deidre,Medgwick,dmedgwick6a@dyndns.org,Female,175.227.220.100
228,Jada,Gammet,jgammet6b@indiegogo.com,Female,233.104.172.172
229,Ingeborg,Barnwall,ibarnwall6c@boston.com,Female,210.205.119.92
230,Ulrica,Billyeald,ubillyeald6d@shareasale.com,Female,2.237.158.252
231,Gilberto,Shasnan,gshasnan6e@twitpic.com,Male,28.71.157.183
232,Reinaldos,Brandon,rbrandon6f@blogspot.com,Male,182.25.237.18
233,Corrianne,Streeten,cstreeten6g@mozilla.com,Female,140.38.154.193
234,Saxon,Rutland,srutland6h@squidoo.com,Male,110.86.139.156
235,Emmalynn,Simonnot,esimonnot6i@unicef.org,Female,106.208.36.115
236,Shoshanna,Bendall,sbendall6j@sakura.ne.jp,Non-binary,35.214.95.182
237,Atlante,Bard,abard6k@tiny.cc,Female,93.113.106.92
238,Gaylord,Cuesta,gcuesta6l@pcworld.com,Male,108.107.23.203
239,Billie,Rosenblatt,brosenblatt6m@drupal.org,Female,131.28.152.209
240,Ellynn,Sidnell,esidnell6n@paypal.com,Female,215.190.74.197
241,Phaedra,Meo,pmeo6o@ow.ly,Female,243.47.66.221
242,Massimiliano,Skidmore,mskidmore6p@newsvine.com,Male,54.189.216.189
243,Wadsworth,Hully,whully6q@geocities.jp,Male,128.78.249.2
244,Andre,Cowe,acowe6r@nba.com,Male,139.7.0.181
245,Nicol,Syder,nsyder6s@boston.com,Female,114.210.80.16
246,Jennie,Cherm,jcherm6t@rakuten.co.jp,Female,241.53.163.249
247,Monique,De Goey,mdegoey6u@infoseek.co.jp,Female,234.97.154.21
248,Pate,Dibling,pdibling6v@ucoz.ru,Male,74.29.184.20
249,Cully,Verrillo,cverrillo6w@wikispaces.com,Agender,58.62.38.87
250,Hillard,Trethewey,htrethewey6x@bluehost.com,Male,10.156.205.89
251,Lorne,Helliwell,lhelliwell6y@google.fr,Male,94.191.121.153
252,Fleming,Easman,feasman6z@techcrunch.com,Male,26.110.173.149
253,Genevra,Redferne,gredferne70@earthlink.net,Female,13.47.121.68
254,Trumaine,Galliford,tgalliford71@dailymotion.com,Male,43.175.176.149
255,Barthel,Danielovitch,bdanielovitch72@facebook.com,Male,100.182.60.69
256,Ingaberg,Paulat,ipaulat73@tripadvisor.com,Female,89.62.50.12
257,Berti,Ellerman,bellerman74@yellowpages.com,Polygender,251.221.107.173
258,Galvan,Hughman,ghughman75@biblegateway.com,Male,2.140.227.41
259,Joell,Singh,jsingh76@prnewswire.com,Female,72.99.186.248
260,Carly,Cordelette,ccordelette77@wordpress.org,Male,196.205.72.49
261,Worthington,Habgood,whabgood78@squarespace.com,Male,16.140.204.40
262,Reggie,Sturton,rsturton79@squarespace.com,Female,25.176.217.171
263,Eleanor,Fereday,efereday7a@buzzfeed.com,Female,144.235.116.112
264,Rozalie,Burston,rburston7b@ucsd.edu,Female,123.165.36.3
265,Nikolas,Golston,ngolston7c@disqus.com,Male,171.182.138.189
266,Pancho,Eggins,peggins7d@elegantthemes.com,Male,252.29.96.110
267,Morganne,Elldred,melldred7e@unc.edu,Female,171.61.162.45
268,Adan,Fairrie,afairrie7f@webnode.com,Male,38.173.38.184
269,Kristo,Yewdall,kyewdall7g@cnbc.com,Male,204.223.237.14
270,Baxy,Geggie,bgeggie7h@timesonline.co.uk,Male,191.99.251.98
271,Meredith,McCadden,mmccadden7i@dropbox.com,Male,143.73.57.108
272,Maryann,Debney,mdebney7j@virginia.edu,Female,132.106.137.244
273,Gisela,Simcoe,gsimcoe7k@twitter.com,Female,48.162.106.91
274,Roma,Rice,rrice7l@jigsy.com,Male,29.237.207.189
275,Orland,Meardon,omeardon7m@tumblr.com,Male,224.126.229.225
276,Thatch,Rickertsen,trickertsen7n@wunderground.com,Male,83.206.77.208
277,Arabel,Plampeyn,aplampeyn7o@ted.com,Female,202.235.188.244
278,Eldridge,Kier,ekier7p@opensource.org,Male,253.56.63.95
279,Tabbitha,Rapp,trapp7q@people.com.cn,Female,251.185.138.166
280,Craggie,Semark,csemark7r@lycos.com,Male,180.97.11.217
281,Bondie,Belchem,bbelchem7s@cdc.gov,Male,76.56.151.233
282,Willetta,McKeon,wmckeon7t@mit.edu,Female,91.122.60.73
283,Brady,Guille,bguille7u@bloomberg.com,Male,159.69.239.46
284,Perl,Bodicum,pbodicum7v@virginia.edu,Female,164.145.75.67
285,Spike,Langan,slangan7w@washington.edu,Male,143.115.204.107
286,Lisha,Davern,ldavern7x@lycos.com,Female,90.213.158.204
287,Roxane,Grichukhanov,rgrichukhanov7y@ibm.com,Female,59.192.178.148
288,Bethena,Yukhin,byukhin7z@nba.com,Female,145.207.57.47
289,Meridel,Held,mheld80@ezinearticles.com,Female,146.97.251.174
290,Cassandra,Tipling,ctipling81@exblog.jp,Female,187.158.174.12
291,Georgiana,Presnall,gpresnall82@nifty.com,Female,128.229.6.154
292,Clarinda,Craythorne,ccraythorne83@flavors.me,Female,210.69.74.190
293,Zitella,Luparto,zluparto84@who.int,Female,161.6.119.133
294,Dud,Wille,dwille85@psu.edu,Male,107.120.86.216
295,Alleen,Beadell,abeadell86@foxnews.com,Female,82.220.51.107
296,Selie,Boothroyd,sboothroyd87@cbslocal.com,Female,217.34.121.25
297,Antonius,Overpool,aoverpool88@psu.edu,Male,118.231.81.202
298,Culley,Ghirigori,cghirigori89@umich.edu,Male,117.49.70.199
299,Dev,Smithson,dsmithson8a@umich.edu,Male,169.89.167.93
300,Raimundo,Grimwad,rgrimwad8b@istockphoto.com,Male,151.34.113.237
301,Viv,Butler,vbutler8c@mtv.com,Female,177.35.78.77
302,Bernice,Heggie,bheggie8d@youku.com,Agender,150.160.229.76
303,Caspar,Garnul,cgarnul8e@mlb.com,Male,41.89.112.55
304,Shirlene,Speek,sspeek8f@tuttocitta.it,Female,19.221.99.233
305,Brynne,Ternott,bternott8g@archive.org,Agender,198.100.96.58
306,Doll,Baldree,dbaldree8h@surveymonkey.com,Female,205.37.17.64
307,Magdalena,Robison,mrobison8i@ft.com,Female,83.144.75.152
308,Regina,Pulbrook,rpulbrook8j@hao123.com,Female,146.17.19.57
309,Annetta,Beden,abeden8k@printfriendly.com,Female,41.18.117.148
310,Munmro,Randell,mrandell8l@hhs.gov,Male,142.10.103.13
311,Bekki,Matteuzzi,bmatteuzzi8m@phpbb.com,Female,47.69.101.175
312,Leshia,Spencer,lspencer8n@nps.gov,Female,247.249.41.170
313,Bobby,Jeannon,bjeannon8o@tuttocitta.it,Female,17.150.40.86
314,Leoine,Reggio,lreggio8p@sogou.com,Female,164.145.246.246
315,Bail,Kubik,bkubik8q@sina.com.cn,Male,20.125.238.108
316,Michal,Futty,mfutty8r@redcross.org,Male,118.213.83.78
317,Edward,Dowsey,edowsey8s@about.com,Male,188.211.177.44
318,Robbyn,Galland,rgalland8t@skype.com,Female,187.126.13.211
319,Jarad,Candlin,jcandlin8u@1688.com,Male,98.77.246.243
320,Janine,Kitchiner,jkitchiner8v@scientificamerican.com,Female,193.251.128.193
321,Farly,Darth,fdarth8w@e-recht24.de,Male,123.138.115.119
322,Evangelin,Donovin,edonovin8x@1688.com,Female,220.194.69.137
323,Blancha,Garland,bgarland8y@google.de,Female,81.90.246.66
324,Leah,Sherborn,lsherborn8z@etsy.com,Female,84.237.90.157
325,Emalee,Tinsey,etinsey90@berkeley.edu,Female,4.198.137.126
326,Ethelred,Bolding,ebolding91@google.fr,Male,79.111.138.246
327,Howard,Tonn,htonn92@icq.com,Male,146.38.233.70
328,Minni,Reyner,mreyner93@hibu.com,Female,170.60.214.228
329,Maris,Ellam,mellam94@buzzfeed.com,Female,189.164.5.226
330,Rik,Maccrie,rmaccrie95@ted.com,Male,130.201.205.186
331,Larine,Merigeau,lmerigeau96@telegraph.co.uk,Female,16.235.108.16
332,Tammie,Richardson,trichardson97@hexun.com,Male,16.52.14.66
333,Cecilio,Hanstock,chanstock98@boston.com,Male,247.176.61.133
334,Jeffy,Starton,jstarton99@cocolog-nifty.com,Male,162.106.174.94
335,Aigneis,Franc,afranc9a@senate.gov,Female,160.220.157.91
336,Morna,Borthram,mborthram9b@cnn.com,Female,60.147.140.129
337,Calvin,Kitching,ckitching9c@yelp.com,Male,7.103.175.10
338,Sherill,Risley,srisley9d@latimes.com,Female,91.229.116.46
339,Wittie,Dargan,wdargan9e@facebook.com,Male,14.140.67.4
340,Cathrine,Flaws,cflaws9f@fastcompany.com,Genderfluid,145.150.201.4
341,Gilbertina,Searjeant,gsearjeant9g@walmart.com,Female,217.97.130.180
342,Katleen,Heineke,kheineke9h@posterous.com,Female,62.109.18.50
343,Ruddie,Wearing,rwearing9i@ucla.edu,Male,227.160.72.66
344,Steffi,Couronne,scouronne9j@dailymotion.com,Female,201.105.50.67
345,Aretha,Wass,awass9k@cbc.ca,Female,61.157.178.144
346,Jobina,Andersson,jandersson9l@alexa.com,Female,22.159.101.65
347,Winslow,Broszkiewicz,wbroszkiewicz9m@redcross.org,Male,111.30.223.39
348,Ilsa,Baysting,ibaysting9n@odnoklassniki.ru,Female,243.135.131.23
349,Kalindi,Beardon,kbeardon9o@parallels.com,Bigender,227.253.49.18
350,Jeddy,Emmitt,jemmitt9p@springer.com,Male,23.30.238.203
351,Toma,Armstrong,tarmstrong9q@lycos.com,Female,156.75.68.199
352,Viv,Kubczak,vkubczak9r@wsj.com,Female,157.183.99.161
353,Winnifred,Atwill,watwill9s@vk.com,Female,136.25.152.68
354,Ilene,Mersh,imersh9t@whitehouse.gov,Female,216.180.73.56
355,Vinny,Tiron,vtiron9u@yellowbook.com,Female,66.161.115.140
356,Nikolas,Runacres,nrunacres9v@dailymail.co.uk,Male,27.22.107.35
357,Jennine,Grossman,jgrossman9w@whitehouse.gov,Genderfluid,141.66.108.204
358,Beale,Redrup,bredrup9x@webs.com,Male,208.238.137.58
359,Murial,Tebbitt,mtebbitt9y@theguardian.com,Female,113.233.29.188
360,Karlik,Nieass,knieass9z@topsy.com,Male,252.238.223.178
361,Regen,Antley,rantleya0@google.co.jp,Male,132.221.193.197
362,David,Berthelmot,dberthelmota1@unesco.org,Male,250.23.73.179
363,Jaquenette,Sygroves,jsygrovesa2@theglobeandmail.com,Female,48.179.80.10
364,Elissa,McNelis,emcnelisa3@shinystat.com,Genderfluid,81.209.185.153
365,Joane,Worlock,jworlocka4@mac.com,Female,72.87.173.181
366,Creight,Akester,cakestera5@twitter.com,Male,16.182.8.172
367,Olivero,Haggas,ohaggasa6@digg.com,Male,128.162.135.216
368,Emmalynn,Medmore,emedmorea7@is.gd,Genderqueer,220.82.172.124
369,Kitty,Carlucci,kcarluccia8@godaddy.com,Female,10.182.217.185
370,Sharl,Skittles,sskittlesa9@wordpress.org,Female,31.46.39.30
371,Donielle,Pleace,dpleaceaa@pinterest.com,Genderqueer,126.244.144.205
372,Noreen,Kissack,nkissackab@tinypic.com,Female,86.113.205.223
373,Juanita,Pick,jpickac@prweb.com,Female,163.158.231.125
374,Lea,Stripling,lstriplingad@paypal.com,Female,18.250.74.126
375,Aileen,Reichartz,areichartzae@digg.com,Female,105.7.168.73
376,Judd,Feaviour,jfeaviouraf@flickr.com,Male,236.13.183.96
377,Damita,Nevet,dnevetag@theglobeandmail.com,Female,210.58.51.160
378,Rowena,Rozec,rrozecah@google.pl,Female,235.80.133.27
379,Packston,Pillinger,ppillingerai@privacy.gov.au,Male,251.204.33.255
380,Tonia,Bembrigg,tbembriggaj@wikia.com,Female,165.188.140.186
381,Dayna,Weldrake,dweldrakeak@blinklist.com,Female,48.155.231.228
382,Teressa,Gofforth,tgofforthal@pagesperso-orange.fr,Female,114.236.221.184
383,Normy,Clutheram,nclutheramam@typepad.com,Male,39.42.103.144
384,Esdras,Readie,ereadiean@illinois.edu,Male,25.33.64.2
385,Avictor,Denzey,adenzeyao@ftc.gov,Genderfluid,2.104.223.161
386,Thurston,Meachen,tmeachenap@creativecommons.org,Male,33.232.126.235
387,Mariejeanne,Teideman,mteidemanaq@friendfeed.com,Agender,12.172.210.149
388,Ruben,Rupert,rrupertar@auda.org.au,Male,37.169.18.50
389,Tana,Allsop,tallsopas@live.com,Bigender,61.83.154.107
390,Norri,Sidebottom,nsidebottomat@surveymonkey.com,Female,251.217.153.116
391,Garreth,Blackler,gblacklerau@alibaba.com,Male,39.33.235.124
392,Krista,Lapre,klapreav@edublogs.org,Non-binary,185.130.207.28
393,Beryle,Welling,bwellingaw@trellian.com,Female,139.126.178.163
394,Elsworth,Lawther,elawtherax@imgur.com,Male,221.186.240.24
395,Larine,Guiden,lguidenay@1688.com,Bigender,81.178.142.175
396,Allene,Millgate,amillgateaz@csmonitor.com,Female,147.93.154.142
397,Timoteo,Rown,trownb0@vistaprint.com,Male,201.46.172.209
398,Shepard,Sothern,ssothernb1@yolasite.com,Male,174.123.230.29
399,Huberto,Matantsev,hmatantsevb2@home.pl,Male,196.214.254.6
400,Waldo,Schrir,wschrirb3@si.edu,Male,141.178.177.203
401,Fidole,Kadd,fkaddb4@vk.com,Genderqueer,81.202.233.215
402,Nobie,Jeaves,njeavesb5@zdnet.com,Male,140.140.36.171
403,Rhoda,McAdam,rmcadamb6@xinhuanet.com,Female,170.184.222.250
404,Neely,Haysman,nhaysmanb7@networksolutions.com,Female,124.134.98.169
405,Chrissie,Gelly,cgellyb8@soundcloud.com,Male,23.219.120.13
406,Cyndi,Brame,cbrameb9@indiegogo.com,Female,186.219.50.172
407,Lelia,Spino,lspinoba@mit.edu,Female,30.9.112.14
408,Sallee,Langforth,slangforthbb@netscape.com,Female,3.32.183.4
409,Romeo,Lathom,rlathombc@berkeley.edu,Male,59.79.247.146
410,Nell,Lamb,nlambbd@uol.com.br,Female,81.144.90.113
411,Morganica,Rawson,mrawsonbe@economist.com,Female,238.125.234.87
412,Mallissa,Szantho,mszanthobf@scribd.com,Female,75.242.137.254
413,Godwin,Zanassi,gzanassibg@ucla.edu,Male,190.127.153.227
414,Lianne,Chetter,lchetterbh@alibaba.com,Female,150.93.14.217
415,Basilius,Manzell,bmanzellbi@scribd.com,Polygender,119.12.191.195
416,Beatrix,Sponton,bspontonbj@wsj.com,Female,235.165.212.158
417,Antonius,Cutler,acutlerbk@twitter.com,Male,222.246.126.129
418,Madelin,Hullah,mhullahbl@ftc.gov,Genderfluid,223.235.157.125
419,Sheeree,Bogaert,sbogaertbm@umich.edu,Female,220.16.104.21
420,Goldy,Grigoliis,ggrigoliisbn@stumbleupon.com,Female,186.229.27.34
421,Krishna,Fantone,kfantonebo@census.gov,Male,148.120.102.175
422,Adina,Nail,anailbp@ucsd.edu,Female,119.192.41.119
423,Barnabe,Dassindale,bdassindalebq@admin.ch,Male,90.193.152.231
424,Tore,Duiguid,tduiguidbr@yellowpages.com,Male,50.176.31.172
425,Granny,Cocozza,gcocozzabs@huffingtonpost.com,Male,40.235.70.11
426,Arnuad,Averies,aaveriesbt@time.com,Male,35.129.124.149
427,Janice,Davenhill,jdavenhillbu@netvibes.com,Female,43.21.252.224
428,Nichole,Blackmore,nblackmorebv@whitehouse.gov,Male,165.217.52.52
429,Yule,Edwin,yedwinbw@vistaprint.com,Genderqueer,238.173.221.10
430,Nicol,McGinney,nmcginneybx@pinterest.com,Female,69.79.126.225
431,Kingston,Venney,kvenneyby@cnbc.com,Male,39.43.73.117
432,Barby,Casterton,bcastertonbz@alexa.com,Female,22.71.52.135
433,Eb,Dyshart,edyshartc0@kickstarter.com,Male,143.133.128.216
434,Lucille,Lavigne,llavignec1@multiply.com,Female,41.191.93.154
435,Shela,Claworth,sclaworthc2@quantcast.com,Female,217.182.199.195
436,Elka,Micheau,emicheauc3@furl.net,Female,170.253.98.250
437,Doro,Robinette,drobinettec4@addthis.com,Polygender,208.152.187.25
438,Dana,O'Loughlin,doloughlinc5@flavors.me,Female,200.52.140.22
439,Leora,Brennans,lbrennansc6@apple.com,Female,146.18.91.53
440,Brig,Guyton,bguytonc7@census.gov,Male,167.138.126.246
441,Farleigh,Vidgen,fvidgenc8@ucoz.ru,Male,139.58.146.85
442,Harli,Sitlinton,hsitlintonc9@privacy.gov.au,Female,157.177.207.245
443,Ninnette,Cartmer,ncartmerca@rambler.ru,Female,27.135.238.253
444,Freddie,Meake,fmeakecb@msn.com,Female,103.39.88.103
445,Ashlan,Dursley,adursleycc@xinhuanet.com,Female,19.237.126.118
446,Ddene,Lamball,dlamballcd@bbc.co.uk,Female,200.247.4.58
447,Ulysses,Quest,uquestce@xrea.com,Male,227.224.198.65
448,Vernon,Pinard,vpinardcf@jigsy.com,Male,51.197.203.127
449,Audre,Le Grice,alegricecg@usa.gov,Agender,163.185.209.234
450,Ruthanne,Blandamore,rblandamorech@e-recht24.de,Female,85.99.162.51
451,Zachery,Chelsom,zchelsomci@telegraph.co.uk,Male,175.73.200.81
452,Mady,Peschmann,mpeschmanncj@themeforest.net,Female,162.185.229.17
453,Adria,Brough,abroughck@rediff.com,Female,224.122.102.151
454,Dannie,Aisbett,daisbettcl@auda.org.au,Female,3.213.53.138
455,Susi,Petyt,spetytcm@umich.edu,Bigender,49.180.214.72
456,Maridel,Phillipps,mphillippscn@washington.edu,Female,34.140.137.198
457,Maximilian,Bottby,mbottbyco@craigslist.org,Male,93.129.127.86
458,Tally,Buret,tburetcp@oracle.com,Male,22.34.98.190
459,Nata,Dibdin,ndibdincq@rediff.com,Female,182.95.32.202
460,Millie,Shiliton,mshilitoncr@wsj.com,Female,249.72.108.106
461,Shaughn,Prestage,sprestagecs@google.com.br,Male,183.169.107.58
462,Didi,Gibbens,dgibbensct@bloglines.com,Female,13.65.67.171
463,El,Renshaw,erenshawcu@fastcompany.com,Male,111.100.224.211
464,Bonnibelle,MacCartan,bmaccartancv@jigsy.com,Female,255.66.3.61
465,Mersey,Agglione,magglionecw@sakura.ne.jp,Female,17.129.220.178
466,Emelyne,Westman,ewestmancx@sciencedaily.com,Female,34.24.79.39
467,Bonny,Tibb,btibbcy@lulu.com,Female,134.162.15.112
468,My,McArd,mmcardcz@creativecommons.org,Male,93.244.26.195
469,Elysee,Grigorini,egrigorinid0@cnn.com,Female,111.46.178.10
470,Zelda,Scothorn,zscothornd1@typepad.com,Female,87.163.123.193
471,Hakeem,Scottrell,hscottrelld2@go.com,Male,211.182.84.96
472,Tara,Sprasen,tsprasend3@sphinn.com,Female,22.69.225.205
473,Griffin,Noods,gnoodsd4@paypal.com,Male,247.12.110.47
474,Dallas,McLeod,dmcleodd5@yahoo.co.jp,Male,122.11.75.253
475,Clari,Olivetta,colivettad6@youtu.be,Female,52.220.229.7
476,Kelley,Waterhowse,kwaterhowsed7@elegantthemes.com,Male,208.104.199.203
477,Derick,Tegler,dteglerd8@un.org,Male,251.247.30.180
478,Garik,Kadwallider,gkadwalliderd9@who.int,Male,200.34.127.157
479,Nikaniki,Diperaus,ndiperausda@pinterest.com,Female,110.224.92.123
480,Brant,Robard,brobarddb@livejournal.com,Male,216.200.167.68
481,Eugine,Varey,evareydc@4shared.com,Female,191.58.101.236
482,Sloan,Jarvie,sjarviedd@1und1.de,Male,128.56.233.171
483,Dierdre,Coldbreath,dcoldbreathde@printfriendly.com,Female,247.76.38.208
484,Marlo,Strickett,mstrickettdf@washingtonpost.com,Female,187.19.228.66
485,Byron,Tortice,btorticedg@multiply.com,Male,20.225.185.150
486,Lynn,Baise,lbaisedh@ifeng.com,Female,10.83.235.191
487,Baldwin,Clubley,bclubleydi@tamu.edu,Male,67.124.98.39
488,Ellwood,Jantel,ejanteldj@fastcompany.com,Male,76.25.182.251
489,Nicky,Habard,nhabarddk@npr.org,Male,4.110.52.184
490,Faulkner,Stedall,fstedalldl@army.mil,Male,188.102.56.184
491,Con,O'Shields,coshieldsdm@weebly.com,Male,57.244.137.173
492,Joel,Jimson,jjimsondn@examiner.com,Male,106.3.143.94
493,Emlyn,Crevagh,ecrevaghdo@wix.com,Male,203.86.63.167
494,Kirk,Coomber,kcoomberdp@arizona.edu,Male,193.131.6.7
495,Ashleigh,Costin,acostindq@timesonline.co.uk,Female,80.143.142.175
496,Caroline,Ollett,collettdr@vimeo.com,Female,42.4.73.206
497,Melloney,Gladbeck,mgladbeckds@opensource.org,Female,78.144.176.85
498,Nedda,Weems,nweemsdt@elpais.com,Female,93.221.231.253
499,Barnett,Blincko,bblinckodu@kickstarter.com,Male,99.127.134.22
500,Augy,Cheke,achekedv@ning.com,Male,0.204.120.93
501,Meir,Stanett,mstanettdw@apple.com,Male,236.236.140.7
502,Lorrin,Druett,ldruettdx@furl.net,Female,106.86.237.75
503,Darell,Warricker,dwarrickerdy@google.com.au,Female,208.223.60.101
504,Othilie,Ferrara,oferraradz@ycombinator.com,Female,120.218.90.70
505,Petronella,Montfort,pmontforte0@xinhuanet.com,Bigender,121.229.218.59
506,Gwendolen,Shewan,gshewane1@google.es,Female,192.244.155.86
507,Scarface,Rookes,srookese2@cnn.com,Non-binary,85.53.99.250
508,Natassia,Neillans,nneillanse3@typepad.com,Female,65.164.191.134
509,Marris,Faye,mfayee4@barnesandnoble.com,Female,154.76.62.55
510,Elton,Mitro,emitroe5@com.com,Male,82.208.37.53
511,Klara,Scawen,kscawene6@meetup.com,Female,59.249.106.37
512,Sig,Sallery,ssallerye7@studiopress.com,Male,109.93.57.129
513,Millisent,Gaiter,mgaitere8@cbc.ca,Female,11.3.120.220
514,Annabelle,Abry,aabrye9@quantcast.com,Female,224.116.175.197
515,Milli,Tipper,mtipperea@narod.ru,Female,254.128.255.230
516,Norina,Ollett,nolletteb@quantcast.com,Female,123.38.239.17
517,Brina,Trounson,btrounsonec@cocolog-nifty.com,Genderfluid,2.34.225.225
518,Lorene,Corradetti,lcorradettied@cbslocal.com,Female,18.101.222.165
519,Francesco,Britch,fbritchee@salon.com,Male,27.156.227.90
520,Kareem,Rilston,krilstonef@etsy.com,Male,39.70.234.225
521,Merle,Panting,mpantingeg@pinterest.com,Genderfluid,113.233.249.105
522,Huntington,Girth,hgirtheh@flavors.me,Male,89.209.3.96
523,Sabina,Rhead,srheadei@php.net,Female,20.191.91.31
524,Angel,Poff,apoffej@globo.com,Male,151.116.37.128
525,Zerk,Mc Elory,zmceloryek@archive.org,Male,144.213.99.87
526,Udell,Hirtz,uhirtzel@apache.org,Male,90.69.73.69
527,Maurie,Gladwell,mgladwellem@engadget.com,Male,24.79.122.111
528,Tamarra,O'Lagene,tolageneen@studiopress.com,Female,154.76.184.24
529,Erich,Voak,evoakeo@salon.com,Male,21.185.44.44
530,Amara,Bettanay,abettanayep@xing.com,Female,36.13.7.23
531,Kala,Pimmocke,kpimmockeeq@bbb.org,Female,76.70.227.8
532,Bliss,Cracie,bcracieer@economist.com,Female,253.219.149.222
533,Myrle,Ilyin,milyines@w3.org,Female,180.152.28.18
534,Abram,Finlason,afinlasonet@yolasite.com,Male,142.156.158.153
535,Nike,Sergant,nserganteu@techcrunch.com,Female,137.199.201.12
536,Bordy,Escalero,bescaleroev@japanpost.jp,Male,155.248.194.136
537,Winslow,Gabrieli,wgabrieliew@jigsy.com,Male,38.45.219.129
538,Rozina,Woolway,rwoolwayex@engadget.com,Female,136.230.188.65
539,Cornell,Dunstone,cdunstoneey@sciencedirect.com,Male,12.182.45.218
540,Kenon,Wadge,kwadgeez@last.fm,Male,183.11.38.56
541,Charmine,Schindler,cschindlerf0@godaddy.com,Female,206.107.239.128
542,Blaire,Lambertz,blambertzf1@fema.gov,Female,147.171.197.128
543,Olenolin,Casebourne,ocasebournef2@nasa.gov,Male,253.54.137.67
544,Babara,Segot,bsegotf3@g.co,Female,116.157.174.50
545,Terence,Raggett,traggettf4@telegraph.co.uk,Male,48.230.136.183
546,Nada,Gerriet,ngerrietf5@squidoo.com,Genderfluid,236.220.198.140
547,Franchot,Biddlecombe,fbiddlecombef6@loc.gov,Male,119.67.196.11
548,Brianna,McGee,bmcgeef7@telegraph.co.uk,Female,244.228.35.30
549,Archambault,Tabourel,atabourelf8@fastcompany.com,Bigender,162.213.146.20
550,Dode,Haslehurst,dhaslehurstf9@yahoo.com,Female,108.174.132.136
551,Liuka,Cleynaert,lcleynaertfa@virginia.edu,Female,172.150.199.45
552,Tony,Wycliff,twyclifffb@t-online.de,Male,61.32.158.240
553,Aldous,Vasyutin,avasyutinfc@washington.edu,Male,0.230.42.63
554,Rozelle,Gerrett,rgerrettfd@1688.com,Female,249.192.81.39
555,Calley,Harlowe,charlowefe@technorati.com,Female,26.34.9.165
556,Arlee,Fratson,afratsonff@si.edu,Female,31.164.36.210
557,Gerald,McVittie,gmcvittiefg@theguardian.com,Male,89.229.114.86
558,Roby,Noen,rnoenfh@washingtonpost.com,Genderqueer,239.89.126.211
559,Rouvin,Sussans,rsussansfi@europa.eu,Male,125.12.51.201
560,Olvan,Gillanders,ogillandersfj@vinaora.com,Non-binary,107.158.35.139
561,Marlon,Jarrett,mjarrettfk@blogspot.com,Polygender,240.213.43.105
562,Ashla,Shovell,ashovellfl@fc2.com,Female,105.249.53.239
563,Quincy,Braxton,qbraxtonfm@cisco.com,Male,92.155.162.190
564,Nappy,Dederick,ndederickfn@nps.gov,Male,15.171.209.26
565,Alvis,Sterry,asterryfo@netlog.com,Male,97.57.121.242
566,Dorene,Souza,dsouzafp@senate.gov,Female,26.150.218.245
567,Clair,Burnand,cburnandfq@over-blog.com,Female,161.33.58.5
568,Micheline,Josskovitz,mjosskovitzfr@google.ca,Female,121.70.72.152
569,Marion,Hindenberger,mhindenbergerfs@ask.com,Male,212.3.104.120
570,Portie,Chrishop,pchrishopft@businessinsider.com,Male,130.189.17.248
571,Caz,Riccardini,criccardinifu@wikia.com,Male,112.204.84.227
572,Jordon,Laird-Craig,jlairdcraigfv@uiuc.edu,Male,242.61.218.115
573,Caroljean,Gillard,cgillardfw@huffingtonpost.com,Female,172.169.27.95
574,Missy,Kirkbright,mkirkbrightfx@indiatimes.com,Female,66.235.118.209
575,Adolf,Billes,abillesfy@tinyurl.com,Male,72.126.46.133
576,Terencio,Baggs,tbaggsfz@over-blog.com,Male,241.153.25.170
577,Hayes,Votier,hvotierg0@uiuc.edu,Male,29.74.253.191
578,Ardelia,Cubitt,acubittg1@disqus.com,Female,50.103.214.61
579,Holly-anne,Worviell,hworviellg2@diigo.com,Female,63.40.167.19
580,Normie,Morsey,nmorseyg3@dailymotion.com,Male,128.6.210.97
581,Theodosia,Sarvar,tsarvarg4@wp.com,Female,28.138.18.201
582,Alexine,Shelley,ashelleyg5@google.cn,Female,70.45.255.46
583,Padgett,Fudger,pfudgerg6@nydailynews.com,Male,205.172.201.68
584,Arie,Mauser,amauserg7@engadget.com,Male,164.78.176.16
585,Harman,Laidlow,hlaidlowg8@mashable.com,Polygender,10.109.17.240
586,Wayne,Fortie,wfortieg9@cornell.edu,Male,162.159.221.125
587,Hermine,Lanaway,hlanawayga@networksolutions.com,Female,181.121.122.101
588,Maible,Banyard,mbanyardgb@photobucket.com,Female,19.109.95.117
589,Rozalie,Dehmel,rdehmelgc@jalbum.net,Non-binary,99.147.177.31
590,Helli,Game,hgamegd@foxnews.com,Female,12.110.236.223
591,Cirillo,Colhoun,ccolhounge@nih.gov,Male,29.70.144.125
592,Eddie,Luff,eluffgf@wix.com,Female,133.79.113.150
593,Zebadiah,Matyugin,zmatyugingg@ftc.gov,Male,135.237.145.112
594,Carree,Jerman,cjermangh@ibm.com,Female,199.176.158.126
595,Zorina,Bestwick,zbestwickgi@thetimes.co.uk,Female,6.158.123.15
596,Ricky,Felton,rfeltongj@sun.com,Female,152.251.150.141
597,Rebecca,Bortolussi,rbortolussigk@themeforest.net,Female,166.187.10.17
598,Purcell,Iozefovich,piozefovichgl@pbs.org,Male,173.56.109.154
599,Fern,Foulstone,ffoulstonegm@simplemachines.org,Female,238.58.8.236
600,Nicolas,Arrigucci,narriguccign@youku.com,Male,180.212.105.60
601,Lonee,Rosenbarg,lrosenbarggo@disqus.com,Female,223.131.42.53
602,Artemas,Simester,asimestergp@histats.com,Male,96.145.128.253
603,Meghann,Copley,mcopleygq@indiegogo.com,Female,143.116.118.48
604,Sibyl,Kunath,skunathgr@homestead.com,Male,189.2.35.138
605,Sayre,Muge,smugegs@dell.com,Polygender,24.33.33.207
606,Toinette,Faulds,tfauldsgt@google.fr,Female,48.202.132.6
607,Wylie,McMillan,wmcmillangu@uol.com.br,Male,4.153.128.10
608,Pietra,Bownass,pbownassgv@cloudflare.com,Female,173.122.106.43
609,Tally,Dudmarsh,tdudmarshgw@princeton.edu,Female,200.151.7.231
610,Carry,Costigan,ccostigangx@toplist.cz,Female,223.118.233.85
611,Markus,Hember,mhembergy@microsoft.com,Male,52.167.114.100
612,Dallas,Meenehan,dmeenehangz@cisco.com,Female,202.123.90.28
613,Lula,Joncic,ljoncich0@theguardian.com,Agender,89.0.67.235
614,Avie,Harryman,aharrymanh1@taobao.com,Female,131.5.252.42
615,Crosby,Molloy,cmolloyh2@telegraph.co.uk,Male,225.153.99.224
616,Liv,Dawidowicz,ldawidowiczh3@shareasale.com,Female,66.159.27.36
617,Gabriella,Doubrava,gdoubravah4@imgur.com,Female,134.252.180.142
618,Elita,Dutt,edutth5@nbcnews.com,Female,35.34.113.24
619,Haley,Laxen,hlaxenh6@springer.com,Female,249.77.49.208
620,Jamaal,Giacopini,jgiacopinih7@canalblog.com,Male,65.46.19.175
621,Baxie,Bulcock,bbulcockh8@mlb.com,Male,9.253.155.48
622,Elliot,Burr,eburrh9@apache.org,Male,154.92.40.184
623,Darleen,Barke,dbarkeha@cnbc.com,Female,93.81.66.246
624,Linnie,Bau,lbauhb@behance.net,Female,41.116.64.115
625,Francisco,Bunford,fbunfordhc@dot.gov,Male,231.125.129.179
626,Fayth,Frude,ffrudehd@ed.gov,Female,144.31.144.95
627,Damiano,Mussared,dmussaredhe@bandcamp.com,Non-binary,19.61.220.224
628,Opaline,Millhouse,omillhousehf@google.cn,Female,58.56.207.176
629,Ara,Gwyneth,agwynethhg@telegraph.co.uk,Female,223.255.209.170
630,Zachery,Gartery,zgarteryhh@ovh.net,Male,239.127.146.78
631,Cort,Looby,cloobyhi@qq.com,Male,55.4.180.188
632,Erastus,Lightman,elightmanhj@squidoo.com,Male,115.53.172.119
633,Mallorie,Benoist,mbenoisthk@dagondesign.com,Female,100.80.5.80
634,Misti,Mogey,mmogeyhl@state.tx.us,Female,183.33.133.114
635,Rasia,Venditti,rvendittihm@nsw.gov.au,Female,211.26.154.148
636,Kermit,McDiarmid,kmcdiarmidhn@ameblo.jp,Male,29.166.118.32
637,Salli,Dawe,sdaweho@tiny.cc,Female,73.37.46.58
638,Ellsworth,Kimberley,ekimberleyhp@hexun.com,Male,207.192.191.128
639,Rebeka,D'Ambrosi,rdambrosihq@mashable.com,Female,130.101.63.167
640,Jenda,Ackwood,jackwoodhr@163.com,Female,79.100.69.47
641,Linus,Blamphin,lblamphinhs@mozilla.com,Male,94.36.144.139
642,Galvan,Bridgestock,gbridgestockht@boston.com,Male,7.30.81.162
643,May,Aloway,malowayhu@disqus.com,Female,205.180.234.83
644,Dawna,Wollacott,dwollacotthv@blogtalkradio.com,Female,29.161.107.81
645,Alic,Vinten,avintenhw@elpais.com,Male,10.170.13.63
646,Pall,Ronan,pronanhx@bluehost.com,Male,123.60.24.57
647,Kipp,Tomowicz,ktomowiczhy@naver.com,Female,47.228.19.96
648,Delmer,Fiennes,dfienneshz@merriam-webster.com,Male,124.237.0.109
649,Reinhard,Messum,rmessumi0@cyberchimps.com,Male,120.19.161.79
650,Tamqrah,Herculson,therculsoni1@nifty.com,Female,43.68.124.144
651,Leeland,Divill,ldivilli2@shinystat.com,Male,131.18.204.60
652,Jessamine,Henkmann,jhenkmanni3@huffingtonpost.com,Female,1.153.124.70
653,Earvin,Dallin,edallini4@devhub.com,Male,54.227.48.137
654,Lawton,Passy,lpassyi5@chronoengine.com,Male,111.12.89.243
655,Star,Tarpey,starpeyi6@cisco.com,Female,231.140.211.202
656,Judy,Brinkley,jbrinkleyi7@trellian.com,Female,4.33.155.213
657,Cob,Zamboniari,czamboniarii8@unc.edu,Male,136.91.140.232
658,Guillaume,Gowanson,ggowansoni9@yandex.ru,Male,154.16.127.182
659,Jonathan,Goodison,jgoodisonia@ocn.ne.jp,Male,123.158.115.137
660,Thom,Stoll,tstollib@elpais.com,Male,170.188.37.60
661,Danny,Halfhyde,dhalfhydeic@xrea.com,Male,211.211.161.146
662,Jemie,Karppi,jkarppiid@theatlantic.com,Female,30.80.135.137
663,Nanon,Jacobowitz,njacobowitzie@washingtonpost.com,Female,254.66.50.250
664,Shoshanna,Gillaspy,sgillaspyif@xinhuanet.com,Female,38.128.204.210
665,Rab,Sidgwick,rsidgwickig@technorati.com,Non-binary,148.243.59.172
666,Herminia,Allaway,hallawayih@icio.us,Female,208.248.175.220
667,Deborah,Garza,dgarzaii@aboutads.info,Female,117.253.16.225
668,Craggie,Wyon,cwyonij@vkontakte.ru,Male,245.121.229.75
669,Shandie,McLemon,smclemonik@webs.com,Female,159.106.71.98
670,Terrill,Reuven,treuvenil@twitter.com,Male,102.9.211.240
671,Ingram,Bent,ibentim@livejournal.com,Male,1.250.84.98
672,Star,Liell,sliellin@pbs.org,Female,114.50.208.4
673,Bay,Shropsheir,bshropsheirio@reference.com,Male,217.188.213.172
674,Gabbie,Lupson,glupsonip@ehow.com,Male,98.161.93.185
675,Milty,Scadding,mscaddingiq@dell.com,Male,128.3.80.3
676,Marv,Hardison,mhardisonir@pagesperso-orange.fr,Male,119.174.240.157
677,Josh,Zambonini,jzamboniniis@godaddy.com,Polygender,7.36.213.130
678,Julianna,Egdale,jegdaleit@oaic.gov.au,Female,96.190.50.122
679,Dale,Kerwick,dkerwickiu@techcrunch.com,Female,217.49.173.108
680,Robin,Tewkesbury.,rtewkesburyiv@ameblo.jp,Male,115.169.81.41
681,Derward,Surgeon,dsurgeoniw@issuu.com,Bigender,82.158.49.249
682,Ernesto,Cicccitti,ecicccittiix@hostgator.com,Male,117.227.8.6
683,Kingston,Dilland,kdillandiy@reuters.com,Male,91.5.187.251
684,Suzi,Fraczak,sfraczakiz@hibu.com,Female,176.96.126.189
685,Lindsay,Kinnear,lkinnearj0@cnn.com,Female,47.100.235.204
686,Rayner,Poker,rpokerj1@exblog.jp,Male,12.39.129.8
687,Wolfy,Rabjohn,wrabjohnj2@usgs.gov,Male,73.72.46.84
688,Donalt,Yandell,dyandellj3@washington.edu,Male,251.120.55.84
689,Wynn,Sammes,wsammesj4@drupal.org,Female,240.195.8.76
690,Sumner,Brigstock,sbrigstockj5@jiathis.com,Male,42.17.246.143
691,Karalynn,Grewe,kgrewej6@cafepress.com,Female,249.231.5.10
692,Shaun,Upsale,supsalej7@illinois.edu,Male,86.125.82.181
693,Catherine,Vince,cvincej8@unblog.fr,Female,238.24.180.164
694,Beulah,McInnerny,bmcinnernyj9@uiuc.edu,Female,75.46.211.112
695,Lyon,Parmenter,lparmenterja@instagram.com,Male,152.25.167.178
696,Tatiana,Guidera,tguiderajb@drupal.org,Female,172.210.123.237
697,Montgomery,Peagram,mpeagramjc@wikispaces.com,Non-binary,205.204.29.141
698,Liana,Collough,lcolloughjd@craigslist.org,Female,32.204.6.183
699,Rosalie,Sein,rseinje@acquirethisname.com,Female,215.22.0.114
700,Deana,Pirt,dpirtjf@dedecms.com,Female,170.67.115.232
701,Rennie,Maciaszek,rmaciaszekjg@chicagotribune.com,Female,200.58.243.105
702,Berkie,Blanche,bblanchejh@canalblog.com,Male,131.199.106.136
703,Anne,Skevington,askevingtonji@tamu.edu,Female,160.242.75.74
704,Dyna,Lugard,dlugardjj@xinhuanet.com,Female,105.158.39.159
705,Orbadiah,Wackley,owackleyjk@joomla.org,Male,104.228.32.6
706,Arni,Steels,asteelsjl@yale.edu,Male,81.28.228.147
707,Willyt,Elwill,welwilljm@t.co,Female,61.118.141.10
708,Bard,Skouling,bskoulingjn@nature.com,Male,57.240.98.17
709,Augustin,Challener,achallenerjo@ustream.tv,Male,88.39.7.52
710,Hunfredo,Weale,hwealejp@webnode.com,Male,182.236.56.147
711,Halsy,Derks,hderksjq@angelfire.com,Male,180.239.141.28
712,Wilbert,Stallard,wstallardjr@usnews.com,Male,74.57.110.18
713,Marylou,Lapham,mlaphamjs@fotki.com,Female,223.55.179.168
714,Krissy,Pampling,kpamplingjt@tuttocitta.it,Female,137.106.93.143
715,Erica,Bloys,ebloysju@vinaora.com,Female,108.25.21.136
716,Olvan,Cantle,ocantlejv@yellowpages.com,Male,177.107.195.238
717,Marty,Livsey,mlivseyjw@amazon.de,Male,152.55.83.79
718,Ardisj,Aickin,aaickinjx@shop-pro.jp,Female,151.117.205.132
719,Manon,Da Costa,mdacostajy@soup.io,Female,70.177.214.31
720,Gearalt,Bazley,gbazleyjz@noaa.gov,Male,193.40.240.174
721,Bern,McCallion,bmccallionk0@feedburner.com,Male,103.18.128.55
722,Hamnet,Loughman,hloughmank1@weebly.com,Male,82.32.243.45
723,Reuben,Beilby,rbeilbyk2@yale.edu,Male,105.61.203.238
724,Renard,Mitro,rmitrok3@scribd.com,Genderfluid,23.149.247.115
725,Ailbert,Mellor,amellork4@uol.com.br,Male,106.89.112.212
726,Alidia,Spooner,aspoonerk5@yolasite.com,Female,11.22.223.225
727,Jayme,Farans,jfaransk6@seattletimes.com,Genderfluid,220.131.181.122
728,Glendon,Gulliford,ggullifordk7@seesaa.net,Male,253.109.190.120
729,Ardelle,Crispe,acrispek8@elegantthemes.com,Female,61.40.88.126
730,Ad,Earthfield,aearthfieldk9@amazon.de,Male,137.16.180.229
731,Alexei,Pope,apopeka@1688.com,Male,204.209.220.153
732,Kaiser,Garci,kgarcikb@wsj.com,Male,142.103.247.233
733,Alley,Racher,aracherkc@fc2.com,Male,40.52.80.189
734,Zorah,Fretson,zfretsonkd@theglobeandmail.com,Female,17.144.131.20
735,Morris,Netting,mnettingke@virginia.edu,Male,40.8.81.195
736,Connie,Swiffen,cswiffenkf@opensource.org,Male,1.39.152.119
737,Micah,Beurich,mbeurichkg@aboutads.info,Male,27.119.114.177
738,Meggie,Goodison,mgoodisonkh@alexa.com,Female,39.230.68.127
739,Law,Arnaudot,larnaudotki@dyndns.org,Male,189.50.2.55
740,Cassi,McLagan,cmclagankj@auda.org.au,Female,238.44.242.123
741,Silvanus,Pennington,spenningtonkk@blog.com,Male,210.108.44.212
742,Kathi,Trump,ktrumpkl@go.com,Bigender,232.227.185.119
743,Lucias,Bailles,lbailleskm@cornell.edu,Male,174.180.193.46
744,Jone,Heinritz,jheinritzkn@noaa.gov,Male,124.112.199.175
745,Annora,Nesterov,anesterovko@discovery.com,Female,250.223.175.153
746,Michaella,Cicerone,mciceronekp@pinterest.com,Female,204.85.33.244
747,Klement,Buick,kbuickkq@apple.com,Male,139.145.11.93
748,Brittne,Howarth,bhowarthkr@java.com,Female,170.195.85.35
749,Ollie,Tegler,oteglerks@mashable.com,Male,154.234.201.166
750,Lenci,Culverhouse,lculverhousekt@phpbb.com,Male,93.249.6.248
751,Ilario,Sherrington,isherringtonku@blinklist.com,Male,33.46.245.147
752,Haskel,Treffry,htreffrykv@smh.com.au,Male,152.81.226.58
753,Clair,Wimpenny,cwimpennykw@goodreads.com,Male,75.95.166.119
754,Erinna,Jira,ejirakx@sfgate.com,Female,55.36.43.216
755,Domeniga,Collingridge,dcollingridgeky@bing.com,Female,137.173.235.237
756,Chaddy,Oran,corankz@netlog.com,Male,69.149.152.12
757,Welch,Beauly,wbeaulyl0@whitehouse.gov,Male,215.243.2.51
758,Brig,Scantlebury,bscantleburyl1@discovery.com,Male,39.200.174.165
759,Dolly,Maunsell,dmaunselll2@slate.com,Female,156.55.38.183
760,Ursuline,Chittock,uchittockl3@nationalgeographic.com,Female,133.142.147.55
761,Kalle,Al Hirsi,kalhirsil4@huffingtonpost.com,Male,122.57.134.60
762,Barty,Cleobury,bcleoburyl5@spotify.com,Male,181.102.116.42
763,Pietra,Girsch,pgirschl6@weather.com,Female,137.189.23.46
764,Gage,Ricardo,gricardol7@dyndns.org,Male,89.234.122.81
765,Cacilia,Scougall,cscougalll8@csmonitor.com,Female,19.57.52.205
766,Aimil,Bythway,abythwayl9@newsvine.com,Female,234.41.220.187
767,Davina,Burleton,dburletonla@themeforest.net,Female,197.197.111.34
768,Gav,Barstock,gbarstocklb@yandex.ru,Male,76.214.155.15
769,Flinn,Hearn,fhearnlc@sitemeter.com,Polygender,212.138.79.248
770,Padget,Roglieri,proglierild@jimdo.com,Genderqueer,109.212.56.11
771,Dulcea,Maffioletti,dmaffiolettile@cnn.com,Female,110.73.136.123
772,Ortensia,Peirson,opeirsonlf@squidoo.com,Female,54.165.253.6
773,Arron,Boorn,aboornlg@bloomberg.com,Male,151.54.14.42
774,Cosimo,Potter,cpotterlh@yale.edu,Male,101.245.151.96
775,Zonda,Midlar,zmidlarli@g.co,Female,153.36.116.80
776,Oliviero,Kingdon,okingdonlj@sina.com.cn,Polygender,96.16.95.232
777,Ilyse,Keech,ikeechlk@com.com,Female,120.224.233.50
778,Cathy,Martusov,cmartusovll@oakley.com,Female,8.10.219.237
779,Ivy,Bertenshaw,ibertenshawlm@google.com.au,Female,185.163.54.151
780,Shalna,McHarry,smcharryln@google.com.br,Polygender,71.158.100.21
781,Bunni,Woollons,bwoollonslo@devhub.com,Female,210.56.8.246
782,Danya,Rosenbush,drosenbushlp@newyorker.com,Female,32.84.95.172
783,Paola,Braney,pbraneylq@about.me,Female,168.174.173.97
784,Nolie,Islep,nisleplr@w3.org,Female,111.31.182.120
785,Marice,Russilll,mrussilllls@dyndns.org,Female,30.186.43.244
786,Bruno,Devo,bdevolt@apache.org,Male,201.0.231.186
787,Marietta,Shankle,mshanklelu@bbb.org,Male,162.16.155.112
788,Anna,Hanssmann,ahanssmannlv@rediff.com,Female,226.247.66.18
789,Broddie,Argo,bargolw@soup.io,Male,37.200.61.211
790,Fallon,Bolt,fboltlx@hao123.com,Female,26.228.159.106
791,Lorinda,Mewis,lmewisly@github.io,Female,104.88.217.223
792,Breanne,Magauran,bmagauranlz@oakley.com,Female,84.91.219.148
793,Donavon,Gerring,dgerringm0@thetimes.co.uk,Male,62.219.21.79
794,Jarid,Roggerone,jroggeronem1@skype.com,Male,218.77.52.87
795,Liza,Frammingham,lframminghamm2@wikia.com,Female,86.232.204.219
796,Dara,Barts,dbartsm3@google.ru,Female,4.103.93.94
797,Karilynn,McTiernan,kmctiernanm4@aol.com,Female,150.181.14.211
798,Liesa,Stoner,lstonerm5@dedecms.com,Female,44.234.174.199
799,Scotty,Inggall,singgallm6@va.gov,Male,161.82.64.75
800,Fay,McGeoch,fmcgeochm7@usgs.gov,Female,157.178.12.126
801,Vincents,Tooth,vtoothm8@skype.com,Male,196.188.242.201
802,Twyla,Duchesne,tduchesnem9@senate.gov,Female,112.116.15.73
803,Loretta,Bickerstaff,lbickerstaffma@hhs.gov,Female,71.216.52.8
804,Norris,Woodall,nwoodallmb@miitbeian.gov.cn,Polygender,116.72.87.234
805,Samson,Pappi,spappimc@naver.com,Male,142.55.102.3
806,Iggie,Acheson,iachesonmd@amazon.de,Male,213.106.144.109
807,Flinn,Ditzel,fditzelme@time.com,Genderfluid,11.72.208.13
808,Brendon,Gidney,bgidneymf@typepad.com,Male,184.0.81.122
809,Courtney,Junifer,cjunifermg@phpbb.com,Male,110.124.127.116
810,Wendie,Powe,wpowemh@tinyurl.com,Female,108.26.41.40
811,Lovell,Ghiotto,lghiottomi@comsenz.com,Male,228.155.125.165
812,Daren,Swadon,dswadonmj@hostgator.com,Male,190.221.93.130
813,Clea,Rodinger,crodingermk@wsj.com,Female,81.113.109.10
814,Darb,Nickels,dnickelsml@barnesandnoble.com,Male,32.230.226.206
815,Dov,Meneer,dmeneermm@thetimes.co.uk,Male,248.179.188.25
816,Kimberlyn,Feak,kfeakmn@soundcloud.com,Female,190.35.55.195
817,Carmel,Abel,cabelmo@tamu.edu,Female,65.87.100.16
818,Valentina,Matyasik,vmatyasikmp@oakley.com,Female,68.71.141.225
819,Filip,Hiom,fhiommq@techcrunch.com,Male,204.249.43.186
820,Mortimer,Bartholomieu,mbartholomieumr@sakura.ne.jp,Male,44.90.183.170
821,Celestyn,Kopf,ckopfms@buzzfeed.com,Female,195.18.89.0
822,Natty,Fairbeard,nfairbeardmt@youtube.com,Female,110.109.212.6
823,Tomi,Fairhead,tfairheadmu@123-reg.co.uk,Female,29.190.187.153
824,Michelina,McGonigal,mmcgonigalmv@e-recht24.de,Female,155.63.188.42
825,Tiff,Beggio,tbeggiomw@jugem.jp,Female,169.231.15.244
826,Fidel,McKnish,fmcknishmx@nih.gov,Male,33.196.132.115
827,Gaynor,Jakubovicz,gjakuboviczmy@state.tx.us,Female,156.202.108.0
828,Gilberte,Schiersch,gschierschmz@admin.ch,Female,207.13.26.59
829,Joceline,Clemendot,jclemendotn0@amazon.co.uk,Female,244.207.125.234
830,Jodie,Guterson,jgutersonn1@example.com,Male,13.44.191.252
831,Joycelin,Pietrzyk,jpietrzykn2@histats.com,Female,11.171.236.139
832,Corby,D'Avaux,cdavauxn3@tmall.com,Male,190.34.24.75
833,Veronika,Deering,vdeeringn4@seattletimes.com,Female,51.148.129.57
834,Mariam,Blazewski,mblazewskin5@oracle.com,Female,206.231.200.185
835,Cassius,Howard - Gater,chowardgatern6@huffingtonpost.com,Male,164.217.158.209
836,Deedee,Rawlins,drawlinsn7@rambler.ru,Female,94.62.162.136
837,Vivi,Larmour,vlarmourn8@baidu.com,Female,178.160.10.203
838,Darleen,Tweddle,dtweddlen9@hud.gov,Female,209.103.107.65
839,Lind,Dartan,ldartanna@cbsnews.com,Bigender,164.58.224.17
840,Sutton,Carletti,scarlettinb@exblog.jp,Male,179.126.86.130
841,Mel,Trunks,mtrunksnc@tumblr.com,Female,243.153.243.5
842,Natal,Chidlow,nchidlownd@cnn.com,Male,22.240.150.18
843,Hilary,Wharin,hwharinne@sina.com.cn,Female,213.206.21.185
844,Shandy,Durning,sdurningnf@dot.gov,Female,129.97.221.213
845,Glyn,Floweth,gflowethng@yolasite.com,Male,164.44.134.221
846,Bibbie,Balas,bbalasnh@youku.com,Female,235.252.13.70
847,Marsha,Batting,mbattingni@1und1.de,Female,32.247.90.190
848,Rosanna,Bewshea,rbewsheanj@un.org,Female,83.198.237.82
849,Meara,Bedham,mbedhamnk@wp.com,Female,138.208.109.143
850,Diannne,Conochie,dconochienl@free.fr,Female,205.187.98.19
851,Heida,Winning,hwinningnm@jugem.jp,Female,152.158.189.95
852,Panchito,Stefanovic,pstefanovicnn@blogspot.com,Male,54.213.102.199
853,Tobias,Hargate,thargateno@ezinearticles.com,Male,166.138.85.8
854,Ruthe,Vasilyonok,rvasilyonoknp@ucoz.ru,Female,87.0.93.111
855,Ninnette,Longthorne,nlongthornenq@live.com,Female,82.194.225.68
856,Crissy,Georgel,cgeorgelnr@hao123.com,Female,40.103.65.29
857,Marnie,Bodd,mboddns@patch.com,Female,155.55.220.148
858,Burr,aManger,bamangernt@flavors.me,Male,155.238.140.151
859,Bar,Lambin,blambinnu@edublogs.org,Male,144.7.18.103
860,Damara,Nealy,dnealynv@businesswire.com,Female,145.141.42.99
861,Felicia,Bygrove,fbygrovenw@narod.ru,Female,22.159.110.161
862,Mariya,Turfs,mturfsnx@lycos.com,Female,109.156.41.59
863,Gretel,Cristobal,gcristobalny@ihg.com,Non-binary,246.66.51.40
864,Laurella,Greengrass,lgreengrassnz@businessinsider.com,Female,68.117.40.231
865,Antonina,Duffill,aduffillo0@hugedomains.com,Female,98.131.186.186
866,Reider,Whyteman,rwhytemano1@mapquest.com,Male,137.100.64.184
867,Ayn,Gecks,ageckso2@ed.gov,Female,171.63.41.29
868,Brandy,Mechi,bmechio3@google.com,Male,185.28.135.233
869,Toiboid,Bancroft,tbancrofto4@nifty.com,Male,143.27.120.78
870,Cazzie,Streeter,cstreetero5@delicious.com,Male,48.225.229.223
871,Kippie,Presnell,kpresnello6@posterous.com,Agender,11.106.47.50
872,Adam,Ronisch,aronischo7@usda.gov,Male,51.80.103.221
873,Barnett,Wimpress,bwimpresso8@eepurl.com,Male,167.60.200.28
874,Blondie,Durnford,bdurnfordo9@archive.org,Female,148.145.10.209
875,Monro,Djorvic,mdjorvicoa@ca.gov,Male,41.254.176.137
876,Joshuah,McKinlay,jmckinlayob@t-online.de,Male,196.28.36.105
877,Reinhard,Montier,rmontieroc@nsw.gov.au,Male,60.71.139.93
878,Donny,Swainger,dswaingerod@photobucket.com,Female,164.221.223.121
879,Danell,Speechley,dspeechleyoe@omniture.com,Female,159.203.250.230
880,Amandi,Lovie,alovieof@uol.com.br,Female,156.232.39.179
881,Elijah,Joanaud,ejoanaudog@elegantthemes.com,Male,110.39.236.228
882,Rollins,Etridge,retridgeoh@walmart.com,Male,54.253.137.216
883,Issiah,Mccaull,imccaulloi@sina.com.cn,Male,174.212.66.159
884,Ignacio,Phillipps,iphillippsoj@edublogs.org,Male,111.3.199.151
885,Anthea,Claridge,aclaridgeok@blinklist.com,Female,111.177.50.145
886,Lorelei,Cowle,lcowleol@163.com,Female,90.33.220.187
887,Stevy,Farquhar,sfarquharom@discovery.com,Male,69.110.46.149
888,Rosa,Demongeot,rdemongeoton@behance.net,Female,56.32.47.71
889,Rip,Vaney,rvaneyoo@tmall.com,Male,195.3.12.176
890,Clare,Ferreras,cferrerasop@elpais.com,Male,230.26.103.26
891,Xever,McCome,xmccomeoq@apache.org,Male,49.67.227.165
892,Elberta,Crowe,ecroweor@nps.gov,Female,75.46.24.50
893,Peri,Woodgate,pwoodgateos@desdev.cn,Female,187.185.209.45
894,Debbi,Righy,drighyot@fc2.com,Female,86.211.16.93
895,Craggie,Tasseler,ctasselerou@shinystat.com,Male,182.126.154.99
896,Terese,Chidzoy,tchidzoyov@un.org,Female,174.177.69.193
897,Kaspar,Flacke,kflackeow@google.es,Male,184.113.166.145
898,Augustina,Swaffer,aswafferox@xing.com,Female,98.225.42.5
899,Grady,Gedney,ggedneyoy@angelfire.com,Male,78.52.105.2
900,Ceciley,Meaking,cmeakingoz@slashdot.org,Female,12.111.204.168
901,Sharia,Cringle,scringlep0@prlog.org,Female,200.102.244.218
902,Shawnee,Quincey,squinceyp1@ning.com,Bigender,160.47.157.86
903,Rawley,Brennenstuhl,rbrennenstuhlp2@oracle.com,Male,27.149.57.167
904,Brant,Lacrouts,blacroutsp3@npr.org,Male,237.186.28.17
905,Dick,Risdale,drisdalep4@comsenz.com,Male,219.83.126.238
906,Velma,Connichie,vconnichiep5@tumblr.com,Female,17.220.239.127
907,Charlot,Pattenden,cpattendenp6@bbc.co.uk,Female,70.1.54.28
908,Olivie,O'Connel,ooconnelp7@netvibes.com,Female,220.45.213.168
909,Ezekiel,Giovanardi,egiovanardip8@cdbaby.com,Male,170.246.93.180
910,Shelba,Dow,sdowp9@icio.us,Female,84.130.69.160
911,Seumas,Hawkwood,shawkwoodpa@shutterfly.com,Male,108.177.7.10
912,Alidia,Innwood,ainnwoodpb@princeton.edu,Female,216.137.107.61
913,Bridgette,Tickel,btickelpc@slate.com,Female,44.200.88.31
914,Gabi,Maloney,gmaloneypd@cbslocal.com,Male,153.250.152.252
915,Baryram,Gorusso,bgorussope@flavors.me,Male,213.128.76.45
916,Derril,Geertje,dgeertjepf@jugem.jp,Male,163.114.72.98
917,Kit,Sorrell,ksorrellpg@dmoz.org,Male,148.20.12.158
918,Wilden,Colyer,wcolyerph@epa.gov,Male,143.189.27.233
919,Lyndel,Barents,lbarentspi@illinois.edu,Female,72.115.155.1
920,Clarice,Matuskiewicz,cmatuskiewiczpj@reuters.com,Female,24.180.13.233
921,Gawain,Faulo,gfaulopk@ucsd.edu,Male,214.1.127.19
922,Yves,Gallaccio,ygallacciopl@dagondesign.com,Male,178.9.250.216
923,Quill,Duchart,qduchartpm@deliciousdays.com,Male,138.250.126.104
924,Jillayne,Leere,jleerepn@nifty.com,Female,148.129.6.125
925,Jessamine,MacGovern,jmacgovernpo@plala.or.jp,Female,221.11.1.158
926,Milo,McAdam,mmcadampp@istockphoto.com,Male,158.20.39.202
927,Fredia,Mowat,fmowatpq@spiegel.de,Female,40.68.82.11
928,Eleni,Swadlen,eswadlenpr@zdnet.com,Female,136.213.117.170
929,Essy,Wilne,ewilneps@thetimes.co.uk,Female,37.78.22.116
930,Bil,Pellant,bpellantpt@wired.com,Male,18.16.86.216
931,Arvie,Enden,aendenpu@seesaa.net,Male,10.19.20.72
932,Hartley,Thresh,hthreshpv@java.com,Non-binary,180.7.243.251
933,Rena,McCreery,rmccreerypw@friendfeed.com,Female,235.132.37.125
934,Crystal,Berrill,cberrillpx@google.ru,Female,147.109.63.85
935,Merry,Droghan,mdroghanpy@eventbrite.com,Male,25.223.51.33
936,Rubia,Engley,rengleypz@reverbnation.com,Female,48.19.132.206
937,Katusha,Wormald,kwormaldq0@wunderground.com,Female,212.233.75.110
938,Georgiana,Lineen,glineenq1@issuu.com,Female,215.180.74.141
939,Dottie,Stonelake,dstonelakeq2@businessweek.com,Female,99.193.40.231
940,Spence,Baughen,sbaughenq3@jalbum.net,Male,157.203.136.42
941,Payton,Simpkin,psimpkinq4@themeforest.net,Male,136.97.248.106
942,Dunstan,Blackstock,dblackstockq5@dagondesign.com,Male,154.219.18.206
943,Dee dee,Carress,dcarressq6@jiathis.com,Female,58.100.149.14
944,Cherilynn,Sabater,csabaterq7@zimbio.com,Female,147.169.29.134
945,Shellysheldon,Font,sfontq8@trellian.com,Male,49.162.105.135
946,Aimee,Nassau,anassauq9@furl.net,Agender,172.136.245.202
947,Cati,Wiggans,cwiggansqa@smugmug.com,Female,183.144.133.61
948,Kip,Bim,kbimqb@hud.gov,Female,223.173.50.245
949,Shir,Bramham,sbramhamqc@simplemachines.org,Female,126.168.26.196
950,Cecilio,Tanser,ctanserqd@newsvine.com,Male,144.205.191.126
951,Herbert,Drewry,hdrewryqe@nih.gov,Male,149.82.178.201
952,Chandal,Vodden,cvoddenqf@geocities.jp,Female,182.116.243.182
953,Pen,Cownden,pcowndenqg@eventbrite.com,Male,183.134.56.57
954,Benjy,Goroni,bgoroniqh@pinterest.com,Male,128.61.119.155
955,Wilfred,Reina,wreinaqi@bloglines.com,Male,15.242.238.161
956,Tomkin,Blagden,tblagdenqj@lycos.com,Male,163.226.113.175
957,Miguela,Cholton,mcholtonqk@spotify.com,Female,203.43.154.5
958,Had,Spensley,hspensleyql@go.com,Male,90.203.122.244
959,Berke,Gyppes,bgyppesqm@google.co.jp,Male,236.51.201.255
960,Hogan,Sallarie,hsallarieqn@dion.ne.jp,Male,114.252.77.229
961,Emmalyn,Lorey,eloreyqo@surveymonkey.com,Female,144.9.84.155
962,Steffie,Clash,sclashqp@sakura.ne.jp,Genderqueer,222.208.205.8
963,Shalom,Dunckley,sdunckleyqq@thetimes.co.uk,Male,38.158.116.203
964,Devonna,Escoffier,descoffierqr@oracle.com,Female,164.87.243.154
965,Farley,Laughlin,flaughlinqs@example.com,Male,114.6.12.34
966,Grove,Densham,gdenshamqt@latimes.com,Male,119.10.8.117
967,Guinna,Kalinke,gkalinkequ@freewebs.com,Female,10.181.199.31
968,Sarena,Reijmers,sreijmersqv@discovery.com,Female,231.154.135.124
969,Maryellen,Dupey,mdupeyqw@studiopress.com,Female,47.154.63.103
970,Markos,Mabbott,mmabbottqx@webeden.co.uk,Male,242.60.239.150
971,Valentijn,Musprat,vmuspratqy@odnoklassniki.ru,Male,194.74.196.58
972,Frederico,Gyver,fgyverqz@ftc.gov,Agender,253.133.233.142
973,Ileane,Saenz,isaenzr0@biblegateway.com,Female,227.92.186.51
974,Hervey,Szimoni,hszimonir1@oaic.gov.au,Male,52.130.158.2
975,Stefa,Rosingdall,srosingdallr2@opera.com,Female,245.186.92.50
976,Aila,Grocutt,agrocuttr3@disqus.com,Female,124.223.56.61
977,Stanfield,Airton,sairtonr4@amazonaws.com,Male,208.118.21.28
978,Goldie,Instrell,ginstrellr5@alibaba.com,Female,171.247.204.111
979,Trudy,Diego,tdiegor6@mozilla.com,Female,99.149.95.96
980,Ernesta,Widmoor,ewidmoorr7@w3.org,Female,106.191.161.114
981,Scot,Ketteman,skettemanr8@indiegogo.com,Non-binary,17.185.142.171
982,Teddy,O'Mullaney,tomullaneyr9@altervista.org,Female,251.182.29.83
983,Stefano,McLelland,smclellandra@nytimes.com,Male,114.61.104.31
984,Fredia,Burdus,fburdusrb@meetup.com,Female,187.144.25.154
985,Terry,Vasin,tvasinrc@dell.com,Genderqueer,255.217.112.147
986,Adolphus,Damant,adamantrd@nhs.uk,Male,141.215.224.167
987,Melina,Iacobo,miacobore@statcounter.com,Genderfluid,216.170.139.126
988,Dorise,Courage,dcouragerf@ucoz.com,Female,123.27.88.130
989,Tyler,Klimkowski,tklimkowskirg@state.tx.us,Male,85.247.191.167
990,Orson,Pinnere,opinnererh@un.org,Agender,53.255.197.135
991,Ali,Kepp,akeppri@mtv.com,Female,69.142.149.161
992,Pedro,Varnam,pvarnamrj@microsoft.com,Male,222.207.109.28
993,Hailee,Elie,helierk@paginegialle.it,Female,213.23.13.172
994,Mortimer,Ochterlony,mochterlonyrl@deliciousdays.com,Male,182.10.68.24
995,Korry,Heard,kheardrm@printfriendly.com,Genderfluid,216.137.196.51
996,Bebe,Writer,bwriterrn@lycos.com,Female,87.73.223.142
997,Godfrey,Bogies,gbogiesro@mac.com,Male,74.154.43.125
998,Malorie,McKee,mmckeerp@ovh.net,Female,81.222.2.245
999,Sonny,Chatterton,schattertonrq@google.com,Male,170.115.129.155
1000,Leone,Musson,lmussonrr@dmoz.org,Female,194.102.223.142